Commit on Sun Jul  6 09:49:12 UTC 2025
Commit on Mon Jul  7 03:26:28 UTC 2025
Commit on Tue Jul  8 03:21:19 UTC 2025
Commit on Wed Jul  9 03:24:00 UTC 2025
Commit on Thu Jul 10 03:23:50 UTC 2025
Commit on Fri Jul 11 03:38:27 UTC 2025
Commit on Sat Jul 12 03:26:46 UTC 2025
Commit on Sun Jul 13 03:41:38 UTC 2025
Commit on Mon Jul 14 03:42:35 UTC 2025
Commit on Tue Jul 15 03:39:59 UTC 2025
Commit on Wed Jul 16 03:37:49 UTC 2025
Commit on Thu Jul 17 03:37:39 UTC 2025
Commit on Fri Jul 18 03:39:53 UTC 2025
Commit on Sat Jul 19 03:24:31 UTC 2025
Commit on Sun Jul 20 03:47:09 UTC 2025
Commit on Mon Jul 21 03:45:51 UTC 2025
Commit on Tue Jul 22 03:39:29 UTC 2025
Commit on Wed Jul 23 03:41:04 UTC 2025
Commit on Thu Jul 24 03:39:31 UTC 2025
Commit on Fri Jul 25 03:39:53 UTC 2025
Commit on Sat Jul 26 03:36:22 UTC 2025
Commit on Sun Jul 27 03:48:21 UTC 2025
Commit on Mon Jul 28 03:47:15 UTC 2025
Commit on Tue Jul 29 03:50:10 UTC 2025
Commit on Tue Jul 29 14:38:21 UTC 2025
Commit on Wed Jul 30 03:45:04 UTC 2025
Commit on Thu Jul 31 03:43:40 UTC 2025
Commit on Fri Aug  1 03:56:57 UTC 2025
Commit on Sat Aug  2 03:35:37 UTC 2025
Commit on Sun Aug  3 03:52:23 UTC 2025
Commit on Mon Aug  4 03:58:09 UTC 2025
Commit on Tue Aug  5 03:49:15 UTC 2025
Commit on Wed Aug  6 03:46:19 UTC 2025
Commit on Thu Aug  7 03:46:25 UTC 2025
Commit on Fri Aug  8 03:45:56 UTC 2025
Commit on Sat Aug  9 03:22:25 UTC 2025
Commit on Sun Aug 10 03:45:34 UTC 2025
Commit on Mon Aug 11 03:45:25 UTC 2025
Commit on Tue Aug 12 03:19:37 UTC 2025
Commit on Wed Aug 13 03:22:14 UTC 2025
Commit on Thu Aug 14 03:22:32 UTC 2025
Commit on Fri Aug 15 03:23:36 UTC 2025
Commit on Sat Aug 16 03:17:12 UTC 2025
Commit on Sun Aug 17 03:35:28 UTC 2025
Commit on Mon Aug 18 03:41:13 UTC 2025
Commit on Tue Aug 19 03:12:48 UTC 2025
Commit on Wed Aug 20 03:10:49 UTC 2025
Commit on Thu Aug 21 03:09:40 UTC 2025
Commit on Fri Aug 22 03:10:21 UTC 2025
Commit on Sat Aug 23 03:04:58 UTC 2025
Commit on Sun Aug 24 03:21:08 UTC 2025
Commit on Mon Aug 25 03:17:55 UTC 2025
Commit on Tue Aug 26 03:11:25 UTC 2025
Commit on Wed Aug 27 03:04:29 UTC 2025
Commit on Thu Aug 28 03:04:20 UTC 2025
Commit on Fri Aug 29 03:04:23 UTC 2025
Commit on Sat Aug 30 02:58:15 UTC 2025
Commit on Sun Aug 31 03:09:10 UTC 2025
Commit on Mon Sep  1 03:23:11 UTC 2025
Commit on Tue Sep  2 03:08:28 UTC 2025
Commit on Wed Sep  3 02:56:40 UTC 2025
Commit on Thu Sep  4 02:57:10 UTC 2025
Commit on Fri Sep  5 03:00:49 UTC 2025
Commit on Sat Sep  6 02:55:53 UTC 2025
Commit on Sun Sep  7 03:04:18 UTC 2025
Commit on Mon Sep  8 03:08:35 UTC 2025
Commit on Tue Sep  9 03:03:33 UTC 2025
Commit on Wed Sep 10 02:56:47 UTC 2025
Commit on Thu Sep 11 03:01:58 UTC 2025
Commit on Fri Sep 12 02:56:44 UTC 2025
Commit on Sat Sep 13 02:50:12 UTC 2025
Commit on Sun Sep 14 03:04:22 UTC 2025
Commit on Mon Sep 15 03:09:58 UTC 2025
Commit on Tue Sep 16 02:58:18 UTC 2025
Commit on Wed Sep 17 02:57:17 UTC 2025
Commit on Thu Sep 18 02:59:03 UTC 2025
Commit on Fri Sep 19 03:02:17 UTC 2025
Commit on Sat Sep 20 02:56:05 UTC 2025
Commit on Sun Sep 21 03:10:16 UTC 2025
Commit on Mon Sep 22 03:09:44 UTC 2025
Commit on Tue Sep 23 02:59:59 UTC 2025
Commit on Wed Sep 24 03:01:07 UTC 2025
Commit on Thu Sep 25 03:03:16 UTC 2025
Commit on Fri Sep 26 03:01:53 UTC 2025
Commit on Sat Sep 27 02:55:50 UTC 2025
Commit on Sun Sep 28 03:10:20 UTC 2025
Commit on Mon Sep 29 03:06:36 UTC 2025
Commit on Tue Sep 30 03:00:15 UTC 2025
Commit on Wed Oct  1 03:13:45 UTC 2025
Commit on Thu Oct  2 02:59:05 UTC 2025
Commit on Fri Oct  3 02:58:31 UTC 2025
Commit on Sat Oct  4 02:53:20 UTC 2025
Commit on Sun Oct  5 03:09:21 UTC 2025
Commit on Mon Oct  6 03:03:51 UTC 2025
Commit on Tue Oct  7 02:59:32 UTC 2025
Commit on Wed Oct  8 02:59:35 UTC 2025
Commit on Thu Oct  9 03:01:58 UTC 2025
Commit on Fri Oct 10 03:02:43 UTC 2025
Commit on Sat Oct 11 02:55:42 UTC 2025
Commit on Sun Oct 12 03:04:17 UTC 2025
Commit on Mon Oct 13 03:12:16 UTC 2025
Commit on Tue Oct 14 03:02:51 UTC 2025
Commit on Wed Oct 15 03:06:49 UTC 2025
Commit on Thu Oct 16 03:05:39 UTC 2025
Commit on Fri Oct 17 03:03:56 UTC 2025
Commit on Sat Oct 18 02:56:56 UTC 2025
Commit on Sun Oct 19 03:18:14 UTC 2025
Commit on Mon Oct 20 03:18:20 UTC 2025
Commit on Tue Oct 21 03:08:17 UTC 2025
Commit on Wed Oct 22 03:13:44 UTC 2025
Commit on Thu Oct 23 03:05:55 UTC 2025
Commit on Fri Oct 24 03:02:48 UTC 2025
Commit on Sat Oct 25 03:04:30 UTC 2025
Commit on Sun Oct 26 03:12:45 UTC 2025
Commit on Mon Oct 27 03:22:18 UTC 2025
Commit on Tue Oct 28 03:10:02 UTC 2025
Commit on Wed Oct 29 03:18:25 UTC 2025
Commit on Thu Oct 30 03:14:08 UTC 2025
Commit on Fri Oct 31 03:13:29 UTC 2025
Commit on Sat Nov  1 03:14:27 UTC 2025
Commit on Sun Nov  2 03:18:14 UTC 2025
Commit on Mon Nov  3 03:20:20 UTC 2025
Commit on Tue Nov  4 03:13:06 UTC 2025
Commit on Wed Nov  5 03:14:28 UTC 2025
Commit on Thu Nov  6 03:16:58 UTC 2025
Commit on Fri Nov  7 03:13:47 UTC 2025
Commit on Sat Nov  8 03:05:07 UTC 2025
Commit on Sun Nov  9 03:16:17 UTC 2025
Commit on Mon Nov 10 03:22:10 UTC 2025
Commit on Tue Nov 11 03:16:21 UTC 2025
Commit on Wed Nov 12 03:15:08 UTC 2025
Commit on Thu Nov 13 03:17:40 UTC 2025
Commit on Fri Nov 14 03:15:54 UTC 2025
Commit on Sat Nov 15 03:09:55 UTC 2025
Commit on Sun Nov 16 03:21:09 UTC 2025
Commit on Mon Nov 17 03:19:21 UTC 2025
Commit on Tue Nov 18 03:15:22 UTC 2025
Commit on Wed Nov 19 03:14:40 UTC 2025
Commit on Thu Nov 20 03:12:57 UTC 2025
Commit on Fri Nov 21 03:13:50 UTC 2025
Commit on Sat Nov 22 03:07:32 UTC 2025
Commit on Sun Nov 23 03:38:21 UTC 2025
Commit on Mon Nov 24 03:26:44 UTC 2025
Commit on Tue Nov 25 03:18:06 UTC 2025
Commit on Wed Nov 26 03:17:59 UTC 2025
Commit on Thu Nov 27 03:14:26 UTC 2025
Commit on Fri Nov 28 03:14:16 UTC 2025
Commit on Sat Nov 29 03:14:47 UTC 2025
Commit on Sun Nov 30 03:38:15 UTC 2025
Commit on Mon Dec  1 03:53:37 UTC 2025
Commit on Tue Dec  2 03:21:44 UTC 2025
Commit on Wed Dec  3 03:20:33 UTC 2025
Commit on Thu Dec  4 03:22:38 UTC 2025
Commit on Fri Dec  5 03:22:15 UTC 2025
Commit on Sat Dec  6 03:12:37 UTC 2025
Commit on Sun Dec  7 03:38:21 UTC 2025
Commit on Mon Dec  8 03:24:51 UTC 2025
Commit on Tue Dec  9 03:21:47 UTC 2025
Commit on Wed Dec 10 03:25:40 UTC 2025
Commit on Thu Dec 11 03:36:40 UTC 2025
Commit on Fri Dec 12 03:26:53 UTC 2025
Commit on Sat Dec 13 03:18:48 UTC 2025
Commit on Sun Dec 14 03:40:58 UTC 2025
Commit on Mon Dec 15 03:44:30 UTC 2025
Commit on Tue Dec 16 03:37:02 UTC 2025
Commit on Wed Dec 17 03:23:22 UTC 2025
Commit on Thu Dec 18 03:24:14 UTC 2025
Commit on Fri Dec 19 03:26:59 UTC 2025
Commit on Sat Dec 20 03:18:41 UTC 2025
Commit on Sun Dec 21 03:41:00 UTC 2025
Commit on Mon Dec 22 03:45:25 UTC 2025
Commit on Tue Dec 23 03:38:49 UTC 2025
Commit on Wed Dec 24 03:26:59 UTC 2025
Commit on Thu Dec 25 03:38:46 UTC 2025
Commit on Fri Dec 26 03:36:57 UTC 2025
Commit on Sat Dec 27 03:26:12 UTC 2025
Commit on Sun Dec 28 03:50:05 UTC 2025
Commit on Mon Dec 29 03:51:38 UTC 2025
Commit on Tue Dec 30 03:40:01 UTC 2025
Commit on Wed Dec 31 03:39:45 UTC 2025
Commit on Thu Jan  1 03:52:51 UTC 2026
Commit on Fri Jan  2 03:42:58 UTC 2026
Commit on Sat Jan  3 03:25:42 UTC 2026
Commit on Sun Jan  4 03:53:36 UTC 2026
Commit on Mon Jan  5 03:58:13 UTC 2026
Commit on Tue Jan  6 03:41:21 UTC 2026
Commit on Wed Jan  7 03:41:48 UTC 2026
Commit on Thu Jan  8 03:41:55 UTC 2026
Commit on Fri Jan  9 03:42:31 UTC 2026
Commit on Sat Jan 10 03:27:07 UTC 2026
Commit on Sun Jan 11 03:52:48 UTC 2026
Commit on Mon Jan 12 03:52:22 UTC 2026
Commit on Tue Jan 13 03:41:05 UTC 2026
Commit on Wed Jan 14 03:50:17 UTC 2026
Commit on Thu Jan 15 03:44:00 UTC 2026
Commit on Fri Jan 16 03:42:19 UTC 2026
Commit on Sat Jan 17 03:25:35 UTC 2026
Commit on Sun Jan 18 03:48:32 UTC 2026
Commit on Mon Jan 19 03:53:19 UTC 2026
Commit on Tue Jan 20 03:46:58 UTC 2026
Commit on Wed Jan 21 03:46:31 UTC 2026
Commit on Thu Jan 22 03:50:22 UTC 2026
Commit on Fri Jan 23 03:45:28 UTC 2026
Commit on Sat Jan 24 03:39:21 UTC 2026
Commit on Sun Jan 25 03:56:45 UTC 2026
Commit on Mon Jan 26 03:59:31 UTC 2026
Commit on Tue Jan 27 03:50:12 UTC 2026
Commit on Wed Jan 28 03:48:02 UTC 2026
Commit on Thu Jan 29 04:09:18 UTC 2026
Commit on Fri Jan 30 04:11:23 UTC 2026
Commit on Sat Jan 31 04:07:44 UTC 2026
Commit on Sun Feb  1 04:31:44 UTC 2026
Commit on Mon Feb  2 04:26:57 UTC 2026
Commit on Tue Feb  3 04:18:35 UTC 2026
Commit on Wed Feb  4 04:12:45 UTC 2026
Commit on Thu Feb  5 04:18:25 UTC 2026
